id;address;district_name;town_name;country_sub_division;post_code;additional_info
1;sky blue;Kenyan Shilling robust;Versatile Exclusive Moroccan Dirham;capability zero tolerance Computers;60956;Berkshire Small Plastic Pants Investor
2;Canadian Dollar;Berkshire Designer;Credit Card Account;navigate;23763;transmitter
3;Point Orchestrator;Solomon Islands Licensed;Gloves Bedfordshire Argentine Peso;Kentucky Algerian Dinar Clothing;51209;Future-proofed deposit Sausages
4;disintermediate Cambridgeshire hacking;bricks-and-clicks Concrete Global;Fiji Dollar Profound Bacon;Macao Equatorial Guinea Vision-oriented;9310;Customer Human deposit
5;even-keeled Saint Helena Pound;Internal AI optical;bypassing Marketing;Dynamic Home Loan Account Tools;10147;invoice Home Gloves
6;Buckinghamshire Ports;Devolved driver Networked;Fish;payment calculating;65761;Nevada
7;Berkshire;dedicated Persevering;Coordinator Cambridgeshire Investor;cross-platform Borders;57690;Cambridgeshire white sensor
8;Alaska;deposit Chips Applications;uniform PCI back up;Tactics architectures Planner;96361;SDD disintermediate reinvent
9;eco-centric Bedfordshire mesh;Configuration UIC-Franc;Ergonomic Concrete Soap Zambian Kwacha;Concrete Bedfordshire;87737;program
10;Metal array France;redundant;Synergistic Personal Loan Account Sleek;Borders;79829;deposit
